1055,1,Biceps,Bicep Push-Ups,Double,"Biceps Brachii, Chest, Anterior Deltoids, Triceps Brachii",
1056,1,Biceps,Door Frame Body Weight Curls,Double,"Forearms, Biceps Brachii",
1057,1,Biceps,Negative Biceps Curls with Milk Gallons,Single,Biceps Brachii,
1058,1,Biceps,Bilateral Negative Curls,Double,Biceps Brachii,
1059,1,Biceps,Isometric Biceps Curls,Single,Biceps Brachii,
1060,1,Biceps,Inverted Rows,Double,"Latissimus Dorsi, Rhomboids, Biceps Brachii",
1061,1,Biceps,Chin-Ups,Double,"Latissimus Dorsi, Biceps Brachii",
1062,1,Triceps,Push-Ups,Double,"Chest, Triceps Brachii, Shoulders",
1063,1,Triceps,Narrow Push-Ups,Double,"Chest, Triceps Brachii",
1064,1,Triceps,Hand Elevated Narrow Push-Ups,Double,"Chest, Triceps Brachii, Anterior Deltoids",
1065,1,Triceps,Bench Dip,Double,Triceps Brachii,
1066,1,Triceps,Feet Elevated Bench Dip,Double,"Triceps Brachii, Chest, Anterior Deltoids",
1067,1,Triceps,Pike Push Up,Double,"Deltoids, Triceps Brachii",
1068,1,Triceps,Sphinx Push Up / Push Up Tricep Extension,Double,"Chest, Triceps Brachii",
1069,1,Triceps,Tricep Bow / Dive Bomber,Double,Triceps Brachii,
1070,1,Triceps,Feet Elevated Push Up,Double,"Chest, Triceps Brachii, Anterior Deltoids",
1071,1,Back,Reverse Snow Angels,Double,"Posterior Deltoids, Rhomboids, Lower Trapezius",
1072,1,Back,Dolphin Kick,Double,"Abdominals, Lower Back, Hip Flexors, Glutes",
1073,1,Back,Superman,Double,"Lower Back, Gluteus Maximus, Erector Spinae",
1074,1,Back,Hip Hinge,Double,"Hamstrings, Gluteus Maximus, Erector Spinae",
1075,1,Back,Cat-Cow,Double,"Abdominals, Spinal Erectors",
1076,1,Back,Inch Worm,Double,"Abdominals, Shoulder Flexors, Hip Flexors, Erector Spinae",
1077,1,Back,Pull-Ups,Double,"Latissimus Dorsi, Biceps Brachii",
1078,1,Chest,Push-Ups,Double,"Chest, Triceps Brachii, Shoulders",
1079,1,Chest,Push-Up Walkout,Double,"Chest, Triceps Brachii, Shoulders",
1080,1,Chest,Decline Push-Ups,Double,"Pectoralis Major, Anterior Deltoids, Triceps Brachii",
1081,1,Chest,Push-Up Holds,Double,"Chest, Triceps Brachii, Shoulders",
1082,1,Chest,Negative Push-Ups,Double,Triceps Brachii,
1083,1,Chest,Dips,Double,"Triceps Brachii, Chest, Anterior Deltoids",
1084,1,Shoulders,Prone I to Y,Double,"Rhomboids, Trapezius",
1085,1,Shoulders,Incline Push-Ups,Double,"Chest, Triceps Brachii",
1086,1,Shoulders,Mountain Climbers,Single,Cardiovascular and Core,
1087,1,Shoulders,Plank to Downward Dog,Timed,"Abdominals, Shoulders, Hamstrings, Calves (gastrocnemius and soleus)",
1088,1,Shoulders,Plank to Alternating Pike,Timed,"Abdominals, Hip Flexors, Shoulders",
1089,1,Shoulders,Side Plank with Leg Raises,Timed,"Obliques, Abdominals, Hip Flexors",
1090,1,Abs,Sit-Ups,Double,"Rectus Abdominis, Obliques",
1091,1,Abs,Crunch,Double,"Rectus Abdominis, Obliques",
1092,1,Abs,Heel Taps,Timed,"Abdominals, Hip Flexors",
1093,1,Abs,Plank Hold,Timed,"Abdominals, Core",
1094,1,Abs,Leg Raises,Timed,"Abdominals, Hip Flexors",
1095,1,Abs,Bicycle Crunch,Timed,"Rectus Abdominis, Obliques",
1096,1,Abs,Pike Crunch,Double,"Abdominals, Hip Flexors",
1097,1,Abs,Reverse Crunch,Double,"Rectus Abdominis, Obliques",
1098,1,Abs,Hollow Holds,Timed,"Rectus Abdominis, Obliques, Transverse Abdominis",
1099,1,Legs,Squat,Double,"Quadriceps, Hamstrings, Gluteus Maximus, Adductors, Erector Spinae, Core",
1100,1,Legs,Wall Squat,Double,"Quadriceps, Hamstrings, Gluteus Maximus, Adductors, Calves (gastrocnemius and soleus)",
1101,1,Legs,Wide Leg Squat,Double,"Quadriceps, Hamstrings, Gluteus Maximus, Adductors, Calves (gastrocnemius and soleus)",
1102,1,Legs,Goblet Squat,Double,"Quadriceps, Hamstrings, Gluteus Maximus, Adductors, Calves (gastrocnemius and soleus), Erector Spinae, Core",
1103,1,Legs,Lunge,Single,"Quadriceps, Hamstrings, Gluteus Maximus, Calves (gastrocnemius and soleus)",
1104,1,Legs,Walking Lunge,Single,"Quadriceps, Hamstrings, Gluteus Maximus, Adductors, Calves (gastrocnemius and soleus)",
1105,1,Legs,Side Lunge,Double,"Quadriceps, Adductors, Abductors, Hamstrings, Gluteus Medius, Gluteus Maximus, Calves (gastrocnemius and soleus)",
1106,1,Legs,Glute Bridge,Double,"Gluteus Maximus, Hamstrings, Erector Spinae",
1107,1,Legs,Calf Raises,Double,Calves (gastrocnemius and soleus),
1108,1,Legs,Standing Hamstring Curls,Double,"Hamstrings, Gluteus Maximus, Erector Spinae",
1109,1,Legs,Side Shuffle,Timed,Cardiovascular and Lower Body Muscles,
1110,2,Biceps,Dumbbell Curl,Single,"Biceps Brachii, Brachialis",
1111,2,Biceps,Reverse Dumbbell Curl,Single,"Forearms, Brachialis",
1112,2,Biceps,Dumbbell Hammer Curl,Single,"Biceps Brachii, Brachialis",
1113,2,Biceps,Zottman Bicep Curl,Double,"Biceps Brachii, Brachialis, Forearms",
1114,2,Biceps,Concentration Bicep Curl,Single,Biceps Brachii,
1115,2,Biceps,Dumbbell Incline Biceps Curl,Double,Biceps Brachii,
1116,2,Biceps,Dumbbell Wall Biceps Curl,Double,Biceps Brachii,
1117,2,Biceps,Step Back Biceps Curl,Single,Biceps Brachii,
1118,2,Biceps,Dumbbell Pinwheel Biceps Curl,Single,Biceps Brachii,
1119,2,Biceps,Offset Biceps Curl,Single,Biceps Brachii,
1120,2,Biceps,Biceps 21s,Single,Biceps Brachii,
1121,2,Triceps,Neutral Grip Dumbbell Bench Press,Double,"Pectoralis Major, Anterior Deltoids, Triceps Brachii",
1122,2,Triceps,JM Dumbbell Bench Press,Double,"Pectoralis Major, Anterior Deltoids, Triceps Brachii",
1123,2,Triceps,Dumbbell Skull Crushers,Double,Triceps Brachii,
1124,2,Triceps,Dumbbell Tate Presses,Double,Triceps Brachii,
1125,2,Triceps,Overhead Dumbbell Extensions,Single,Triceps Brachii,
1126,2,Triceps,Dumbbell Kickbacks,Single,Triceps Brachii,
1127,2,Triceps,Dumbbell-Loaded Triceps Dips,Double,Triceps Brachii,
1128,2,Back,Dumbbell Row,Double,"Latissimus Dorsi, Rhomboids, Trapezius",
1129,2,Back,Incline Row,Double,"Trapezius, Rhomboids",
1130,2,Back,Elevated Plank Row,Double,"Rhomboids, Latissimus Dorsi, Trapezius",
1131,2,Back,Dumbbell Pullover,Double,"Latissimus Dorsi, Pectoralis Major, Triceps Brachii",
1132,2,Back,Incline Pause Row,Double,"Trapezius, Rhomboids",
1133,2,Back,Bent Over Row,Double,"Latissimus Dorsi, Rhomboids, Trapezius, Biceps Brachii, Erector Spinae",
1134,2,Back,Upright Row,Double,"Trapezius, Deltoids",
1135,2,Back,Farmer's Carry,Timed,"Forearms, Trapezius",
1136,2,Chest,Dumbbell Chest Press,Double,"Pectoralis Major, Anterior Deltoids, Triceps Brachii",
1137,2,Chest,Incline Dumbbell Press,Double,"Pectoralis Major, Anterior Deltoids, Triceps Brachii",
1138,2,Chest,Dumbbell Twisted Fly,Double,Pectoralis Major,
1139,2,Chest,Incline Dumbbell Around the Worlds,Double,"Pectoralis Major, Anterior Deltoids, Triceps Brachii",
1140,2,Chest,Hyght Dumbbell Fly,Double,Pectoralis Major,
1141,2,Chest,Standing Dumbbell Low Fly,Double,"Chest, Shoulders",
1142,2,Chest,Dumbbell Reverse Chest Press,Double,"Pectoralis Major, Anterior Deltoids, Triceps Brachii",
1143,2,Chest,Decline Dumbbell Chest Press,Double,"Pectoralis Major (particularly the lower portion), Anterior Deltoids, Triceps Brachii",
1144,2,Chest,Decline Dumbbell Chest Fly,Double,Pectoralis Major (particularly the lower portion),
1145,2,Chest,Supine Dumbbell Hammer Press,Double,"Pectoralis Major, Triceps Brachii",
1146,2,Chest,Dumbbell Squeeze Press,Double,"Pectoralis Major, Anterior Deltoids, Triceps Brachii",
1147,2,Chest,Svend Press,Double,"Pectoralis Major, Anterior Deltoids, Triceps Brachii",
1148,2,Shoulders,Dumbbell Shoulder Press,Double,Anterior Deltoids,
1149,2,Shoulders,Dumbbell Front Raise,Double,Anterior Deltoids,
1150,2,Shoulders,Dumbbell Side Lateral Raise,Double,Lateral Deltoids,
1151,2,Shoulders,Dumbbell Bent-over Raise,Double,Lateral Deltoids,
1152,2,Shoulders,Dumbbell Upright Row,Double,"Trapezius, Deltoids",
1153,2,Shoulders,Dumbbell Shoulder Shrugs,Double,"Trapezius, Rhomboids",
1154,2,Shoulders,One Arm Dumbbell Swing,Single,"Swing: Full Body, especially Glutes, Hamstrings, and Core",
1155,2,Shoulders,Spellcaster,Single,"Shoulders, Triceps Brachii",
1156,2,Shoulders,See Saw Press,Double,"Anterior Deltoids, Triceps Brachii",
1157,2,Abs,Sit-Ups,Double,"Rectus Abdominis, Obliques",
1158,2,Abs,Crunch,Double,"Rectus Abdominis, Obliques",
1159,2,Abs,Heel Taps,Timed,"Abdominals, Hip Flexors",
1160,2,Abs,Plank Hold,Timed,"Abdominals, Core",
1161,2,Abs,Leg Raises,Timed,"Abdominals, Hip Flexors",
1162,2,Abs,Bicycle Crunch,Timed,"Rectus Abdominis, Obliques",
1163,2,Abs,Pike Crunch,Double,"Abdominals, Hip Flexors",
1164,2,Abs,Reverse Crunch,Double,"Rectus Abdominis, Obliques",
1165,2,Abs,Hollow Holds,Timed,"Rectus Abdominis, Obliques, Transverse Abdominis",
1166,2,Legs,Dumbbell Split Squat,Single,"Quadriceps, Hamstrings, Gluteus Maximus, Calves (gastrocnemius and soleus)",
1167,2,Legs,Dumbbell Romanian Deadlift,Double,"Hamstrings, Gluteus Maximus, Erector Spinae",
1168,2,Legs,Dumbbell Single-Leg RDL,Single,"Hamstrings, Gluteus Maximus, Erector Spinae, Core, Balance and Stabilizer Muscles",
1169,2,Legs,Dumbbell Goblet Squat,Double,"Quadriceps, Hamstrings, Gluteus Maximus, Adductors, Calves (gastrocnemius and soleus), Erector Spina",
1170,2,Legs,Dumbbell Side Lunge,Single,"Quadriceps, Hamstrings, Gluteus Medius, Adductors, Abductors, Calves (gastrocnemius and soleus), Core",
1171,2,Legs,Dumbbell Reverse Lunge,Single,"Quadriceps, Hamstrings, Gluteus Maximus, Calves (gastrocnemius and soleus)",
1172,2,Legs,Dumbbell Front Squat,Double,"Quadriceps, Hamstrings, Gluteus Maximus, Erector Spinae, Core",
1173,2,Legs,Dumbbell Elevated Split Squat,Single,"Quadriceps, Hamstrings, Gluteus Maximus, Calves (gastrocnemius and soleus)",
1174,2,Legs,Dumbbell Forward Lunge,Single,"Quadriceps, Hamstrings, Gluteus Maximus, Calves (gastrocnemius and soleus)",
1175,2,Legs,Weighted Step Up,Single,"Quadriceps, Hamstrings, Gluteus Maximus, Calves (gastrocnemius and soleus)",
1176,2,Legs,Dumbbell Jump Squat,Double,"Quadriceps, Hamstrings, Gluteus Maximus, Calves (gastrocnemius and soleus)",
1235,3,Biceps,Preacher Curls,Double,Biceps Brachii,
1244,3,Biceps,Cable Curls,Double,Biceps Brachii,
1257,3,Triceps,Barbell Skull Crushers,Double,Triceps Brachii,
1258,3,Triceps,Barbell Close Grip Bench Press,Double,"Triceps Brachii, Pectoralis Major, Anterior Deltoids",
1259,3,Triceps,Tricep Cable Pushdown,Double,Triceps Brachii,
1260,3,Triceps,Overhead Cable Extension,Single,Triceps Brachii,
1261,3,Triceps,Assisted Dips,Double,"Triceps Brachii, Pectoralis Major, Anterior Deltoids, Serratus Anterior, Rhomboids, Trapezius",https://youtu.be/g3o0dC_qCns
1262,3,Triceps,Seated Tricep Extension ,Double,Triceps Brachii,
1263,3,Back,Lat Pulldown,Double,"Latissimus Dorsi, Biceps Brachii",
1264,3,Back,Assisted Pull-Ups,Double,"Latissimus Dorsi, Biceps Brachii, Trapezius, Rhomboids, Brachialis, Forearms",https://youtu.be/wFj808u2HWU
1265,3,Back,Seated Rowing Machine,Double,"Latissimus Dorsi, Rhomboids, Biceps Brachii",
1266,3,Chest,Barbell Bench Press,Double,"Pectoralis Major, Anterior Deltoids, Triceps Brachii",
1267,3,Chest,Barbell Incline Bench Press,Double,"Pectoralis Major (upper portion), Anterior Deltoids, Triceps Brachii",
1268,3,Chest,Barbell Decline Bench Press,Double,"Pectoralis Major (lower portion), Anterior Deltoids, Triceps Brachii",
1269,3,Chest,Upright Bench Press Machine,Double,"Pectoralis Major, Anterior Deltoids, Triceps Brachii",
1270,3,Chest,Incline Bench Press Machine,Double,"Pectoralis Major, Anterior Deltoids, Triceps Brachii",
1271,3,Chest,Decline Bench Press Machine,Double,"Pectoralis Major, Anterior Deltoids, Triceps Brachii",
1272,3,Shoulders,Military Press,Double,"Anterior Deltoids, Triceps Brachii",
1273,3,Shoulders,Seated Overhead Shoulder Press,Double,"Anterior Deltoids, Triceps Brachii",
1274,3,Abs,Ab Crunch Machine,Double,"Rectus Abdominis, External Obliques",https://youtu.be/JSBuaT1tHfM
1275,3,Legs,Barbell Back Squat,Double,"Quadriceps, Hamstrings, Gluteus Maximus, Erector Spinae, Abdominals, Adductors, Calves",
1276,3,Legs,Leg Press,Double,"Quadriceps, Hamstrings, Gluteus Maximus, Calves (gastrocnemius and soleus)",
1277,3,Legs,One Legged Leg Press,Single,"Quadriceps, Hamstrings, Gluteus Maximus, Calves (gastrocnemius and soleus)",
1278,3,Legs,Barbell/Machine Calf Raises,Double,Calves (gastrocnemius and soleus),
1279,3,Legs,Barbell Deadlift,Double,"Erector Spinae, Gluteus Maximus, Hamstrings, Quadriceps, Trapezius, Forearms",
1280,3,Legs,Quad Extension (Machine),Double,Quadriceps,
1281,3,Legs,Hamstring Curl (Machine),Double,"Hamstrings, Gluteus Maximus",
1282,3,Legs,Inner Thigh Press,Double,"Adductors, Quadriceps, Hamstrings, Gluteus Maximus, Calves (gastrocnemius and soleus)",
1283,3,Legs,Outer Thigh Press,Double,Adductors,
1284,3,Biceps,Dumbbell Curl,Single,"Biceps Brachii, Brachialis",
1285,3,Biceps,Reverse Dumbbell Curl,Single,"Forearms, Brachialis",
1286,3,Biceps,Dumbbell Hammer Curl,Single,"Biceps Brachii, Brachialis",
1287,3,Biceps,Zottman Bicep Curl,Double,"Biceps Brachii, Brachialis, Forearms",
1288,3,Biceps,Concentration Bicep Curl,Single,Biceps Brachii,
1289,3,Biceps,Dumbbell Incline Biceps Curl,Double,Biceps Brachii,
1290,3,Biceps,Dumbbell Wall Biceps Curl,Double,Biceps Brachii,
1291,3,Biceps,Step Back Biceps Curl,Single,Biceps Brachii,
1292,3,Biceps,Dumbbell Pinwheel Biceps Curl,Single,Biceps Brachii,
1293,3,Biceps,Offset Biceps Curl,Double,Biceps Brachii,
1294,3,Biceps,Biceps 21s,Single,Biceps Brachii,
1295,3,Triceps,Neutral Grip Dumbbell Bench Press,Double,"Pectoralis Major, Anterior Deltoids, Triceps Brachii",
1296,3,Triceps,JM Dumbbell Bench Press,Double,"Pectoralis Major, Anterior Deltoids, Triceps Brachii",
1297,3,Triceps,Dumbbell Skull Crushers,Double,Triceps Brachii,
1298,3,Triceps,Dumbbell Tate Presses,Double,Triceps Brachii,
1299,3,Triceps,Overhead Dumbbell Extensions,Single,Triceps Brachii,
1300,3,Triceps,Dumbbell Kickbacks,Single,Triceps Brachii,
1301,3,Triceps,Dumbbell-Loaded Triceps Dips,Double,Triceps Brachii,
1302,3,Back,Dumbbell Row,Double,"Latissimus Dorsi, Rhomboids, Trapezius",
1303,3,Back,Incline Row,Double,"Trapezius, Rhomboids",
1304,3,Back,Elevated Plank Row,Double,"Rhomboids, Latissimus Dorsi, Trapezius",
1305,3,Back,Dumbbell Pullover,Double,"Latissimus Dorsi, Pectoralis Major, Triceps Brachii",
1306,3,Back,Incline Pause Row,Double,"Trapezius, Rhomboids",
1307,3,Back,Bent Over Row,Double,"Latissimus Dorsi, Rhomboids, Trapezius, Biceps Brachii, Erector Spinae",
1308,3,Back,Upright Row,Double,"Trapezius, Deltoids",
1309,3,Back,Farmer's Carry,Timed,"Forearms, Trapezius",
1310,3,Chest,Dumbbell Chest Press,Double,"Pectoralis Major, Anterior Deltoids, Triceps Brachii",
1311,3,Chest,Incline Dumbbell Press,Double,"Pectoralis Major, Anterior Deltoids, Triceps Brachii",
1312,3,Chest,Dumbbell Twisted Fly,Double,Pectoralis Major,
1313,3,Chest,Incline Dumbbell Around the Worlds,Double,"Pectoralis Major, Anterior Deltoids, Triceps Brachii",
1314,3,Chest,Hyght Dumbbell Fly,Double,Pectoralis Major,
1315,3,Chest,Standing Dumbbell Low Fly,Double,"Chest, Shoulders",
1316,3,Chest,Dumbbell Reverse Chest Press,Double,"Pectoralis Major, Anterior Deltoids, Triceps Brachii",
1317,3,Chest,Decline Dumbbell Chest Press,Double,"Pectoralis Major (particularly the lower portion), Anterior Deltoids, Triceps Brachii",
1318,3,Chest,Decline Dumbbell Chest Fly,Double,Pectoralis Major (particularly the lower portion),
1319,3,Chest,Supine Dumbbell Hammer Press,Double,"Pectoralis Major, Triceps Brachii",
1320,3,Chest,Dumbbell Squeeze Press,Double,"Pectoralis Major, Anterior Deltoids, Triceps Brachii",
1321,3,Chest,Svend Press,Double,"Pectoralis Major, Anterior Deltoids, Triceps Brachii",
1322,3,Shoulders,Dumbbell Shoulder Press,Double,Anterior Deltoids,
1323,3,Shoulders,Dumbbell Front Raise,Double,Anterior Deltoids,
1324,3,Shoulders,Dumbbell Side Lateral Raise,Double,Lateral Deltoids,
1325,3,Shoulders,Dumbbell Bent-over Raise,Double,Lateral Deltoids,
1326,3,Shoulders,Dumbbell Upright Row,Double,"Trapezius, Deltoids",
1327,3,Shoulders,Dumbbell Shoulder Shrugs,Double,"Trapezius, Rhomboids",
1328,3,Shoulders,One Arm Dumbbell Swing,Single,"Swing: Full Body, especially Glutes, Hamstrings, and Core",
1329,3,Shoulders,Spellcaster,Single,"Abdominals, Triceps Brachii",
1330,3,Shoulders,See Saw Press,Double,"Anterior Deltoids, Triceps Brachii",
1331,3,Abs,Sit-Ups,Double,"Rectus Abdominis, Obliques",
1332,3,Abs,Crunch,Double,"Rectus Abdominis, Obliques",
1333,3,Abs,Heel Taps,Timed,"Abdominals, Hip Flexors",
1334,3,Abs,Plank Hold,Timed,"Abdominals, Core",
1335,3,Abs,Leg Raises,Timed,"Abdominals, Hip Flexors",
1336,3,Abs,Bicycle Crunch,Timed,"Rectus Abdominis, Obliques",
1337,3,Abs,Pike Crunch,Double,"Abdominals, Hip Flexors",
1338,3,Abs,Reverse Crunch,Double,"Rectus Abdominis, Obliques",
1339,3,Abs,Hollow Holds,Timed,"Rectus Abdominis, Obliques, Transverse Abdominis",
1340,3,Legs,Dumbbell Split Squat,Single,"Quadriceps, Hamstrings, Gluteus Maximus, Calves (gastrocnemius and soleus)",
1341,3,Legs,Dumbbell Romanian Deadlift,Double,"Hamstrings, Gluteus Maximus, Erector Spinae",
1342,3,Legs,Dumbbell Single-Leg RDL,Single,"Hamstrings, Gluteus Maximus, Erector Spinae, Core, Balance and Stabilizer Muscles",
1343,3,Legs,Dumbbell Goblet Squat,Double,"Quadriceps, Hamstrings, Gluteus Maximus, Adductors, Calves (gastrocnemius and soleus), Erector Spina",
1344,3,Legs,Dumbbell Side Lunge,Single,"Quadriceps, Hamstrings, Gluteus Medius, Adductors, Abductors, Calves (gastrocnemius and soleus), Core",
1345,3,Legs,Dumbbell Reverse Lunge,Single,"Quadriceps, Hamstrings, Gluteus Maximus, Calves (gastrocnemius and soleus)",
1346,3,Legs,Dumbbell Front Squat,Double,"Quadriceps, Hamstrings, Gluteus Maximus, Erector Spinae, Core",
1347,3,Legs,Dumbbell Elevated Split Squat,Single,"Quadriceps, Hamstrings, Gluteus Maximus, Calves (gastrocnemius and soleus)",
1348,3,Legs,Dumbbell Forward Lunge,Single,"Quadriceps, Hamstrings, Gluteus Maximus, Calves (gastrocnemius and soleus)",
1349,3,Legs,Weighted Step Up,Single,"Quadriceps, Hamstrings, Gluteus Maximus, Calves (gastrocnemius and soleus)",
1350,3,Legs,Dumbbell Jump Squat,Double,"Quadriceps, Hamstrings, Gluteus Maximus, Calves (gastrocnemius and soleus)",
