1,alex,alex@gmail.com,thisisapasshash,alex,weber,22,0,0,M,1,1,1,1,0
2,luis,lsosorio1299@gmail.com,thisisluispasshash,luis,sierra osorio,22,0,0,F,2,2,2,1,1
3,marshall,marshall@gmail.com,$2b$10$UX4EPfwc4dTYNQ.a0dRYAegMhpgFC4rMdYVynapBo/F063sx4EdaW,marshall,keopong,22,0,0,NB,2,3,2,1,1
4,alex1,alex1@gmail.com,$2b$10$5h8SgICBlHe8LnUen6I6wepD/Z51uG7fws1XrlOK6eNvPKyS1D3d2,alex1,weber1,22,0,0,M,4,3,1,1,0
5,andrew,realemail@gmail.com,realpassword,andrew,de la rosa,22,0,0,M,3,2,3,1,1
6,Alexweber11%%,alexweber7373@gmail.com,$2b$10$AwtWoCHgRjvqXnNV32b.heUYWSlEj61pTuIKsb3ntV6jQmxzm8rMK,Alexander,Weber,22,,,,,,,,
10,Test42##,test42@gmail.com,$2b$10$xZlMm89CbJDbm6Nt7IT6NuDQjdnH.vETW54Eq5Q0IlBN/l4fqZZGe,Test,Mctest,40,,,,,,,,
11,Alexweber11@@,alphaunderdog17@gmail.com,$2b$10$pSNx3QhSP85XZ2/sM0Iycei/r8BMInd6gZqHANZ6bGMVn8ht9a/OW,Alex,Weber,22,,,,,,,,
12,Test45^^,testmctest@gmail.com,$2b$10$.BMfk1PchSe5lE5LmVswvuUPdrFz83fQDX2dhiW.bUBIUikej5aT.,tst,test,45,,,,,,,,
13,Test56**,test56@gmail.com,$2b$10$Uo7aZu9ewa.4MhVC8BgFdO9pGCWSBpnu.UM5eteFqMiEEMkVWDhGC,test,mctest,56,,,,,,,,
14,Testmctest52#,testmctest,$2b$10$mcrH3iZQEiPVvh1MwVQnMuYhUXyXEElxShy7sMbwmVMz6vsIHpoWi,testmctest,testmctest,,,,,,,,,
15,Himynameistest&&,test98@gmail.com,$2b$10$PlaOnP/.Hydgz9T54xVQ/OuAiih8Io4orW9XNvqmszngCKztlKvm.,test,test,18,,,,,,,,
16,pleasework99,just99@gmail.com,$2b$10$sbQfWA7hOCK68i.fuFygCOSast4xv434htOsLpR7HuntSvZAMw/iu,just099,just099,18,,,,,,,,
17,Gerard56%%,gerard57@gmail.com,$2b$10$reVC25sCdyAorEzIFBtReeUBJIXR0bLhmRrk/WOkAdB2Pmg/RwRdO,gerard,gerard,56,,,,,,,,
18,Alextest#,alextest52@gmail.com,$2b$10$S2TZBTF9ocpWDmoLsLx.re6tjerBlO5SleooKQGcNLsV83A1l5/nG,alextest,alextest,18,,,,,,,,
