1,1,Biceps,Bicep Push-Ups,Double,"Biceps Brachii, Chest, Anterior Deltoids, Triceps Brachii",https://youtu.be/1sFIqecJphU
2,1,Biceps,Door Frame Body Weight Curls,Double,"Forearms, Biceps Brachii",https://youtu.be/8TGU9byDMLg
3,1,Biceps,Negative Biceps Curls with Milk Gallons,Single,Biceps Brachii,https://youtu.be/JJaTv2A8_F8
4,1,Biceps,Bilateral Negative Curls,Double,Biceps Brachii,https://youtu.be/JJaTv2A8_F8
5,1,Biceps,Isometric Biceps Curls,Single,Biceps Brachii,https://youtu.be/_HbR8elDfGU
6,1,Biceps,Inverted Rows,Double,"Latissimus Dorsi, Rhomboids, Biceps Brachii",https://youtu.be/9fItzuh9Iok
7,1,Biceps,Chin-Ups,Double,"Latissimus Dorsi, Biceps Brachii",https://youtu.be/mRy9m2Q9_1I
8,1,Triceps,Push-Ups,Double,"Chest, Triceps Brachii, Shoulders",https://youtu.be/0pkjOk0EiAk
9,1,Triceps,Narrow Push-Ups,Double,"Chest, Triceps Brachii",https://youtu.be/40LMvyHkUKw
10,1,Triceps,Hand Elevated Narrow Push-Ups,Double,"Chest, Triceps Brachii, Anterior Deltoids",https://youtu.be/qIDRj0LjIXA
11,1,Triceps,Bench Dip,Double,Triceps Brachii,https://youtu.be/yvAzWxRsnqU
12,1,Triceps,Feet Elevated Bench Dip,Double,"Triceps Brachii, Chest, Anterior Deltoids",https://youtu.be/fdmxpd8OK1o
13,1,Triceps,Pike Push Up,Double,"Deltoids, Triceps Brachii",https://youtu.be/XckEEwa1BPI
14,1,Triceps,Sphinx Push Up / Push Up Tricep Extension,Double,"Chest, Triceps Brachii",https://youtu.be/wJfn8qOjdJ0
15,1,Triceps,Tricep Bow / Dive Bomber,Double,Triceps Brachii,https://youtu.be/yyufUCeFeQ0
16,1,Triceps,Feet Elevated Push Up,Double,"Chest, Triceps Brachii, Anterior Deltoids",https://youtu.be/yvBlNJCvTOI
17,1,Back,Reverse Snow Angels,Double,"Posterior Deltoids, Rhomboids, Lower Trapezius",https://youtu.be/0qLP2RNKX4A
18,1,Back,Dolphin Kick,Double,"Abdominals, Lower Back, Hip Flexors, Glutes",https://youtu.be/p6SwK57L9hU
19,1,Back,Superman,Double,"Lower Back, Gluteus Maximus, Erector Spinae",https://youtu.be/z6PJMT2y8GQ
20,1,Back,Hip Hinge,Double,"Hamstrings, Gluteus Maximus, Erector Spinae",https://youtu.be/eOaFN7kvYPU
21,1,Back,Cat-Cow,Double,"Abdominals, Spinal Erectors",https://youtu.be/fcnv4gyMzf8
22,1,Back,Inch Worm,Double,"Abdominals, Shoulder Flexors, Hip Flexors, Erector Spinae",https://youtu.be/ZY2ji_Ho0dA
23,1,Back,Pull-Ups,Double,"Latissimus Dorsi, Biceps Brachii",https://youtu.be/aAggnpPyR6E
24,1,Chest,Push-Ups,Double,"Chest, Triceps Brachii, Shoulders",https://youtu.be/0pkjOk0EiAk
25,1,Chest,Push-Up Walkout,Double,"Chest, Triceps Brachii, Shoulders",https://youtu.be/iUsiko8RRpg
26,1,Chest,Decline Push-Ups,Double,"Pectoralis Major, Anterior Deltoids, Triceps Brachii",https://youtu.be/QBlYp-EwHlo
27,1,Chest,Push-Up Holds,Double,"Chest, Triceps Brachii, Shoulders",https://youtu.be/43yCshsAnB4
28,1,Chest,Negative Push-Ups,Double,Triceps Brachii,https://youtu.be/otG1M7Xl64I
29,1,Chest,Dips,Double,"Triceps Brachii, Chest, Anterior Deltoids",https://youtu.be/6kALZikXxLc
30,1,Shoulders,Prone I to Y,Double,"Rhomboids, Trapezius",https://youtu.be/aFtzZl4ySMo
31,1,Shoulders,Incline Push-Ups,Double,"Chest, Triceps Brachii",https://youtu.be/yAbg3_pJKvw
32,1,Shoulders,Mountain Climbers,Single,Cardiovascular and Core,https://youtu.be/zT-9L3CEcmk
33,1,Shoulders,Plank to Downward Dog,Timed,"Abdominals, Shoulders, Hamstrings, Calves (gastrocnemius and soleus)",https://youtu.be/4Lod28Vu-T8
34,1,Shoulders,Plank to Alternating Pike,Timed,"Abdominals, Hip Flexors, Shoulders",https://youtu.be/TBik1VRjZas
35,1,Shoulders,Side Plank with Leg Raises,Timed,"Obliques, Abdominals, Hip Flexors",https://youtu.be/3MJFKGGBIzo
36,1,Abs,Sit-Ups,Double,"Rectus Abdominis, Obliques",https://youtu.be/deS9e_Yo-tw
37,1,Abs,Crunch,Double,"Rectus Abdominis, Obliques",https://youtu.be/0t4t3IpiEao
38,1,Abs,Heel Taps,Timed,"Abdominals, Hip Flexors",https://youtu.be/w2Um9ULrcBI
39,1,Abs,Plank Hold,Timed,"Abdominals, Core",https://youtu.be/PWd2VXg2Mpk
40,1,Abs,Leg Raises,Timed,"Abdominals, Hip Flexors",https://youtu.be/JB2oyawG9KI
41,1,Abs,Bicycle Crunch,Timed,"Rectus Abdominis, Obliques",https://youtu.be/wnuLak2onoA
42,1,Abs,Pike Crunch,Double,"Abdominals, Hip Flexors",https://youtu.be/Ghq7rakB8xk
43,1,Abs,Reverse Crunch,Double,"Rectus Abdominis, Obliques",https://youtu.be/gAyTBB4lm3I
44,1,Abs,Hollow Holds,Timed,"Rectus Abdominis, Obliques, Transverse Abdominis",https://youtu.be/4xRpGgttca8
45,1,Legs,Squat,Double,"Quadriceps, Hamstrings, Gluteus Maximus, Adductors, Erector Spinae, Core",https://youtu.be/xqvCmoLULNY
46,1,Legs,Wall Squat,Double,"Quadriceps, Hamstrings, Gluteus Maximus, Adductors, Calves (gastrocnemius and soleus)",https://youtu.be/dXkL0muKCLo
47,1,Legs,Wide Leg Squat,Double,"Quadriceps, Hamstrings, Gluteus Maximus, Adductors, Calves (gastrocnemius and soleus)",https://youtu.be/v2ukjHXbXVo
48,1,Legs,Goblet Squat,Double,"Quadriceps, Hamstrings, Gluteus Maximus, Adductors, Calves (gastrocnemius and soleus), Erector Spinae, Core",https://youtu.be/pEGfGwp6IEA
49,1,Legs,Lunge,Single,"Quadriceps, Hamstrings, Gluteus Maximus, Calves (gastrocnemius and soleus)",https://youtu.be/MxfTNXSFiYI
50,1,Legs,Walking Lunge,Single,"Quadriceps, Hamstrings, Gluteus Maximus, Adductors, Calves (gastrocnemius and soleus)",https://youtu.be/L8fvypPrzzs
51,1,Legs,Side Lunge,Double,"Quadriceps, Adductors, Abductors, Hamstrings, Gluteus Medius, Gluteus Maximus, Calves (gastrocnemius and soleus)",https://youtu.be/rvqLVxYqEvo
52,1,Legs,Glute Bridge,Double,"Gluteus Maximus, Hamstrings, Erector Spinae",https://youtu.be/tqp5XQPpTxY
53,1,Legs,Calf Raises,Double,Calves (gastrocnemius and soleus),https://youtu.be/eMTy3qylqnE
54,1,Legs,Standing Hamstring Curls,Double,"Hamstrings, Gluteus Maximus, Erector Spinae",https://youtu.be/Fadu_1dGVbE
55,1,Legs,Side Shuffle,Timed,Cardiovascular and Lower Body Muscles,https://youtu.be/y-yPka1hGws
56,2,Biceps,Dumbbell Curl,Single,"Biceps Brachii, Brachialis",https://youtu.be/09AYfVFf7pg
57,2,Biceps,Reverse Dumbbell Curl,Single,"Forearms, Brachialis",https://youtu.be/EoYWMB856cA
58,2,Biceps,Dumbbell Hammer Curl,Single,"Biceps Brachii, Brachialis",https://youtu.be/P5sXHLmXmBM
59,2,Biceps,Zottman Bicep Curl,Double,"Biceps Brachii, Brachialis, Forearms",https://youtu.be/ZXbOOIOPOi8
60,2,Biceps,Concentration Bicep Curl,Single,Biceps Brachii,https://youtu.be/VMbDQ8PZazY
61,2,Biceps,Dumbbell Incline Biceps Curl,Double,Biceps Brachii,https://youtu.be/XVQBeug_9LU
62,2,Biceps,Dumbbell Wall Biceps Curl,Double,Biceps Brachii,https://youtu.be/dwJnlelh-Ss
63,2,Biceps,Step Back Biceps Curl,Single,Biceps Brachii,https://youtu.be/HEeHdi2i1lw
64,2,Biceps,Dumbbell Pinwheel Biceps Curl,Single,Biceps Brachii,https://youtu.be/ADE3aBSwVUo
65,2,Biceps,Offset Biceps Curl,Single,Biceps Brachii,https://youtu.be/QwuB5bx4sK4
66,2,Biceps,Biceps 21s,Single,Biceps Brachii,https://youtu.be/2JOXXpD4HcY
67,2,Triceps,Neutral Grip Dumbbell Bench Press,Double,"Pectoralis Major, Anterior Deltoids, Triceps Brachii",https://youtu.be/fZuQpjhaR_M
68,2,Triceps,JM Dumbbell Bench Press,Double,"Pectoralis Major, Anterior Deltoids, Triceps Brachii",https://youtu.be/t_NzCuifY-A
69,2,Triceps,Dumbbell Skull Crushers,Double,Triceps Brachii,https://youtu.be/jO2Jl9eZpXk
70,2,Triceps,Dumbbell Tate Presses,Double,Triceps Brachii,https://youtu.be/qcMoJGKVpcw
71,2,Triceps,Overhead Dumbbell Extensions,Single,Triceps Brachii,https://youtu.be/YM8iX9BJWjA
72,2,Triceps,Dumbbell Kickbacks,Single,Triceps Brachii,https://youtu.be/m_UlDFNX4mk
73,2,Triceps,Dumbbell-Loaded Triceps Dips,Double,Triceps Brachii,https://youtu.be/tvTieWfT20c
74,2,Back,Dumbbell Row,Double,"Latissimus Dorsi, Rhomboids, Trapezius",https://youtu.be/xl1YiqQY2vA
75,2,Back,Incline Row,Double,"Trapezius, Rhomboids",https://youtu.be/Nx0TzjgsI-0
76,2,Back,Elevated Plank Row,Double,"Rhomboids, Latissimus Dorsi, Trapezius",https://youtu.be/QJCbrhH5Exo
77,2,Back,Dumbbell Pullover,Double,"Latissimus Dorsi, Pectoralis Major, Triceps Brachii",https://youtu.be/FK4rHfWKEac
78,2,Back,Incline Pause Row,Double,"Trapezius, Rhomboids",https://youtu.be/z67OWpzr7XI
79,2,Back,Bent Over Row,Double,"Latissimus Dorsi, Rhomboids, Trapezius, Biceps Brachii, Erector Spinae",https://youtu.be/pyBHPoC8Nzo
80,2,Back,Upright Row,Double,"Trapezius, Deltoids",https://youtu.be/vJ8x0Oz06gw
81,2,Back,Farmer's Carry,Timed,"Forearms, Trapezius",https://youtu.be/8OtwXwrJizk
82,2,Chest,Dumbbell Chest Press,Double,"Pectoralis Major, Anterior Deltoids, Triceps Brachii",https://youtu.be/KjYak5vZO9s
83,2,Chest,Incline Dumbbell Press,Double,"Pectoralis Major, Anterior Deltoids, Triceps Brachii",https://youtu.be/LUxWvGRpwrk
84,2,Chest,Dumbbell Twisted Fly,Double,Pectoralis Major,https://youtu.be/7SgC-yJn_c0
85,2,Chest,Incline Dumbbell Around the Worlds,Double,"Pectoralis Major, Anterior Deltoids, Triceps Brachii",https://youtu.be/coWv1aED9LI
86,2,Chest,Hyght Dumbbell Fly,Double,Pectoralis Major,https://youtu.be/paEjFeIxtzE
87,2,Chest,Standing Dumbbell Low Fly,Double,"Chest, Shoulders",https://youtu.be/FKVDuCw7Pc0
88,2,Chest,Dumbbell Reverse Chest Press,Double,"Pectoralis Major, Anterior Deltoids, Triceps Brachii",https://youtu.be/DKNV8XNZJPU
89,2,Chest,Decline Dumbbell Chest Press,Double,"Pectoralis Major (particularly the lower portion), Anterior Deltoids, Triceps Brachii",https://youtu.be/Pf1nDoqx_1A
90,2,Chest,Decline Dumbbell Chest Fly,Double,Pectoralis Major (particularly the lower portion),https://youtu.be/7NlIkLqcgnw
91,2,Chest,Supine Dumbbell Hammer Press,Double,"Pectoralis Major, Triceps Brachii",https://youtu.be/ySeSg4lMgmE
92,2,Chest,Dumbbell Squeeze Press,Double,"Pectoralis Major, Anterior Deltoids, Triceps Brachii",https://youtu.be/1iQt5BwSWYg
93,2,Chest,Svend Press,Double,"Pectoralis Major, Anterior Deltoids, Triceps Brachii",https://youtu.be/cIoUZOnypS8
94,2,Shoulders,Dumbbell Shoulder Press,Double,Anterior Deltoids,https://youtu.be/0JfYxMRsUCQ
95,2,Shoulders,Dumbbell Front Raise,Double,Anterior Deltoids,https://youtu.be/ugPIPY7j-GM
96,2,Shoulders,Dumbbell Side Lateral Raise,Double,Lateral Deltoids,https://youtu.be/XPPfnSEATJA
97,2,Shoulders,Dumbbell Bent-over Raise,Double,Lateral Deltoids,https://youtu.be/SWjzFaH9QXA
98,2,Shoulders,Dumbbell Upright Row,Double,"Trapezius, Deltoids",https://youtu.be/Rd5AsxOGqss
99,2,Shoulders,Dumbbell Shoulder Shrugs,Double,"Trapezius, Rhomboids",https://youtu.be/8lP_eJvClSA
100,2,Shoulders,One Arm Dumbbell Swing,Single,"Swing: Full Body, especially Glutes, Hamstrings, and Core",https://youtu.be/OSzPC3G-4Ew
101,2,Shoulders,Spellcaster,Single,"Shoulders, Triceps Brachii",https://youtu.be/FhnP5YkYkf4
102,2,Shoulders,See Saw Press,Double,"Anterior Deltoids, Triceps Brachii",https://youtu.be/N4Y5hWOwDBY
103,2,Abs,Sit-Ups,Double,"Rectus Abdominis, Obliques",https://youtu.be/deS9e_Yo-tw
104,2,Abs,Crunch,Double,"Rectus Abdominis, Obliques",https://youtu.be/0t4t3IpiEao
105,2,Abs,Heel Taps,Timed,"Abdominals, Hip Flexors",https://youtu.be/w2Um9ULrcBI
106,2,Abs,Plank Hold,Timed,"Abdominals, Core",https://youtu.be/PWd2VXg2Mpk
107,2,Abs,Leg Raises,Timed,"Abdominals, Hip Flexors",https://youtu.be/JB2oyawG9KI
108,2,Abs,Bicycle Crunch,Timed,"Rectus Abdominis, Obliques",https://youtu.be/wnuLak2onoA
109,2,Abs,Pike Crunch,Double,"Abdominals, Hip Flexors",https://youtu.be/Ghq7rakB8xk
110,2,Abs,Reverse Crunch,Double,"Rectus Abdominis, Obliques",https://youtu.be/gAyTBB4lm3I
111,2,Abs,Hollow Holds,Timed,"Rectus Abdominis, Obliques, Transverse Abdominis",https://youtu.be/4xRpGgttca8
112,2,Legs,Dumbbell Split Squat,Single,"Quadriceps, Hamstrings, Gluteus Maximus, Calves (gastrocnemius and soleus)",https://youtu.be/SX7BtPh_pL0
113,2,Legs,Dumbbell Romanian Deadlift,Double,"Hamstrings, Gluteus Maximus, Erector Spinae",https://youtu.be/xAL7lHwj30E
114,2,Legs,Dumbbell Single-Leg RDL,Single,"Hamstrings, Gluteus Maximus, Erector Spinae, Core, Balance and Stabilizer Muscles",https://youtu.be/pJewPISyHjw
115,2,Legs,Dumbbell Goblet Squat,Double,"Quadriceps, Hamstrings, Gluteus Maximus, Adductors, Calves (gastrocnemius and soleus), Erector Spina",https://youtu.be/Xjo_fY9Hl9w
116,2,Legs,Dumbbell Side Lunge,Single,"Quadriceps, Hamstrings, Gluteus Medius, Adductors, Abductors, Calves (gastrocnemius and soleus), Core",https://youtu.be/R8jArZG2J6Q
117,2,Legs,Dumbbell Reverse Lunge,Single,"Quadriceps, Hamstrings, Gluteus Maximus, Calves (gastrocnemius and soleus)",https://youtu.be/c1OSIZu_2AI
118,2,Legs,Dumbbell Front Squat,Double,"Quadriceps, Hamstrings, Gluteus Maximus, Erector Spinae, Core",https://youtu.be/LVSLNXn2xM8
119,2,Legs,Dumbbell Elevated Split Squat,Single,"Quadriceps, Hamstrings, Gluteus Maximus, Calves (gastrocnemius and soleus)",https://youtu.be/OFmW8Re5Zos
120,2,Legs,Dumbbell Forward Lunge,Single,"Quadriceps, Hamstrings, Gluteus Maximus, Calves (gastrocnemius and soleus)",https://youtu.be/9gglI77Kzq8
121,2,Legs,Weighted Step Up,Single,"Quadriceps, Hamstrings, Gluteus Maximus, Calves (gastrocnemius and soleus)",https://youtu.be/DxUNi119Qzs
122,2,Legs,Dumbbell Jump Squat,Double,"Quadriceps, Hamstrings, Gluteus Maximus, Calves (gastrocnemius and soleus)",https://youtu.be/XOTO2qWRy9U
123,3,Biceps,Preacher Curls,Double,Biceps Brachii,https://youtu.be/fuK3nFvwgXk
124,3,Biceps,Cable Curls,Double,Biceps Brachii,https://youtu.be/opFVuRi_3b8
125,3,Triceps,Barbell Skull Crushers,Double,Triceps Brachii,https://youtu.be/l3rHYPtMUo8
126,3,Triceps,Barbell Close Grip Bench Press,Double,"Triceps Brachii, Pectoralis Major, Anterior Deltoids",https://youtu.be/DzA2xZhDGeo
127,3,Triceps,Tricep Cable Pushdown,Double,Triceps Brachii,https://youtu.be/6Fzep104f0s
128,3,Triceps,Overhead Cable Extension,Single,Triceps Brachii,https://youtu.be/1u18yJELsh0
129,3,Triceps,Assisted Dips,Double,"Triceps Brachii, Pectoralis Major, Anterior Deltoids, Serratus Anterior, Rhomboids, Trapezius",https://youtu.be/g3o0dC_qCns
130,3,Triceps,Seated Tricep Extension ,Double,Triceps Brachii,https://youtu.be/dxdr8iSRLA8
131,3,Back,Lat Pulldown,Double,"Latissimus Dorsi, Biceps Brachii",https://youtu.be/trZQjegcRx0
132,3,Back,Assisted Pull-Ups,Double,"Latissimus Dorsi, Biceps Brachii, Trapezius, Rhomboids, Brachialis, Forearms",https://youtu.be/wFj808u2HWU
133,3,Back,Seated Rowing Machine,Double,"Latissimus Dorsi, Rhomboids, Biceps Brachii",https://youtu.be/UCXxvVItLoM
134,3,Chest,Barbell Bench Press,Double,"Pectoralis Major, Anterior Deltoids, Triceps Brachii",https://youtu.be/CjHIKDQ4RQo
135,3,Chest,Barbell Incline Bench Press,Double,"Pectoralis Major (upper portion), Anterior Deltoids, Triceps Brachii",https://youtu.be/2jFFCy8JBU8
136,3,Chest,Barbell Decline Bench Press,Double,"Pectoralis Major (lower portion), Anterior Deltoids, Triceps Brachii",https://youtu.be/iVh4B5bJ5OI
137,3,Chest,Upright Bench Press Machine,Double,"Pectoralis Major, Anterior Deltoids, Triceps Brachii",https://youtu.be/0Wa9CfRXUkA
138,3,Chest,Incline Bench Press Machine,Double,"Pectoralis Major, Anterior Deltoids, Triceps Brachii",https://youtu.be/TrTSvn5-MTk
139,3,Chest,Decline Bench Press Machine,Double,"Pectoralis Major, Anterior Deltoids, Triceps Brachii",https://youtu.be/_DsWm45BCqg
140,3,Shoulders,Military Press,Double,"Anterior Deltoids, Triceps Brachii",https://youtu.be/R31URdOyYCg
141,3,Shoulders,Seated Overhead Shoulder Press,Double,"Anterior Deltoids, Triceps Brachii",https://youtu.be/TsduLWuhlFM
142,3,Abs,Ab Crunch Machine,Double,"Rectus Abdominis, External Obliques",https://youtu.be/JSBuaT1tHfM
143,3,Legs,Barbell Back Squat,Double,"Quadriceps, Hamstrings, Gluteus Maximus, Erector Spinae, Abdominals, Adductors, Calves",https://youtu.be/VZ90qWlfQUE
144,3,Legs,Leg Press,Double,"Quadriceps, Hamstrings, Gluteus Maximus, Calves (gastrocnemius and soleus)",https://youtu.be/8EMbB0tCn7Q
145,3,Legs,One Legged Leg Press,Single,"Quadriceps, Hamstrings, Gluteus Maximus, Calves (gastrocnemius and soleus)",https://youtu.be/sxF9BcDt-yY
146,3,Legs,Barbell/Machine Calf Raises,Double,Calves (gastrocnemius and soleus),https://youtu.be/SpwcssWT0p4
147,3,Legs,Barbell Deadlift,Double,"Erector Spinae, Gluteus Maximus, Hamstrings, Quadriceps, Trapezius, Forearms",https://youtu.be/3UwO0fKukRw
148,3,Legs,Quad Extension (Machine),Double,Quadriceps,https://youtu.be/m0FOpMEgero
149,3,Legs,Hamstring Curl (Machine),Double,"Hamstrings, Gluteus Maximus",https://youtu.be/ceG0f6ntNcw
150,3,Legs,Inner Thigh Press,Double,"Adductors, Quadriceps, Hamstrings, Gluteus Maximus, Calves (gastrocnemius and soleus)",https://youtu.be/taip7y3C9kA
151,3,Legs,Outer Thigh Press,Double,Adductors,https://youtu.be/Pwf-SvZckQ0
152,3,Biceps,Dumbbell Curl,Single,"Biceps Brachii, Brachialis",https://youtu.be/09AYfVFf7pg
153,3,Biceps,Reverse Dumbbell Curl,Single,"Forearms, Brachialis",https://youtu.be/EoYWMB856cA
154,3,Biceps,Dumbbell Hammer Curl,Single,"Biceps Brachii, Brachialis",https://youtu.be/P5sXHLmXmBM
155,3,Biceps,Zottman Bicep Curl,Double,"Biceps Brachii, Brachialis, Forearms",https://youtu.be/ZXbOOIOPOi8
156,3,Biceps,Concentration Bicep Curl,Single,Biceps Brachii,https://youtu.be/VMbDQ8PZazY
157,3,Biceps,Dumbbell Incline Biceps Curl,Double,Biceps Brachii,https://youtu.be/XVQBeug_9LU
158,3,Biceps,Dumbbell Wall Biceps Curl,Double,Biceps Brachii,https://youtu.be/dwJnlelh-Ss
159,3,Biceps,Step Back Biceps Curl,Single,Biceps Brachii,https://youtu.be/HEeHdi2i1lw
160,3,Biceps,Dumbbell Pinwheel Biceps Curl,Single,Biceps Brachii,https://youtu.be/ADE3aBSwVUo
161,3,Biceps,Offset Biceps Curl,Double,Biceps Brachii,https://youtu.be/QwuB5bx4sK4
162,3,Biceps,Biceps 21s,Single,Biceps Brachii,https://youtu.be/2JOXXpD4HcY
163,3,Triceps,Neutral Grip Dumbbell Bench Press,Double,"Pectoralis Major, Anterior Deltoids, Triceps Brachii",https://youtu.be/fZuQpjhaR_M
164,3,Triceps,JM Dumbbell Bench Press,Double,"Pectoralis Major, Anterior Deltoids, Triceps Brachii",https://youtu.be/t_NzCuifY-A
165,3,Triceps,Dumbbell Skull Crushers,Double,Triceps Brachii,https://youtu.be/jO2Jl9eZpXk
166,3,Triceps,Dumbbell Tate Presses,Double,Triceps Brachii,https://youtu.be/qcMoJGKVpcw
167,3,Triceps,Overhead Dumbbell Extensions,Single,Triceps Brachii,https://youtu.be/YM8iX9BJWjA
168,3,Triceps,Dumbbell Kickbacks,Single,Triceps Brachii,https://youtu.be/m_UlDFNX4mk
169,3,Triceps,Dumbbell-Loaded Triceps Dips,Double,Triceps Brachii,https://youtu.be/tvTieWfT20c
170,3,Back,Dumbbell Row,Double,"Latissimus Dorsi, Rhomboids, Trapezius",https://youtu.be/xl1YiqQY2vA
171,3,Back,Incline Row,Double,"Trapezius, Rhomboids",https://youtu.be/Nx0TzjgsI-0
172,3,Back,Elevated Plank Row,Double,"Rhomboids, Latissimus Dorsi, Trapezius",https://youtu.be/QJCbrhH5Exo
173,3,Back,Dumbbell Pullover,Double,"Latissimus Dorsi, Pectoralis Major, Triceps Brachii",https://youtu.be/FK4rHfWKEac
174,3,Back,Incline Pause Row,Double,"Trapezius, Rhomboids",https://youtu.be/z67OWpzr7XI
175,3,Back,Bent Over Row,Double,"Latissimus Dorsi, Rhomboids, Trapezius, Biceps Brachii, Erector Spinae",https://youtu.be/pyBHPoC8Nzo
176,3,Back,Upright Row,Double,"Trapezius, Deltoids",https://youtu.be/vJ8x0Oz06gw
177,3,Back,Farmer's Carry,Timed,"Forearms, Trapezius",https://youtu.be/8OtwXwrJizk
178,3,Chest,Dumbbell Chest Press,Double,"Pectoralis Major, Anterior Deltoids, Triceps Brachii",https://youtu.be/KjYak5vZO9s
179,3,Chest,Incline Dumbbell Press,Double,"Pectoralis Major, Anterior Deltoids, Triceps Brachii",https://youtu.be/LUxWvGRpwrk
180,3,Chest,Dumbbell Twisted Fly,Double,Pectoralis Major,https://youtu.be/7SgC-yJn_c0
181,3,Chest,Incline Dumbbell Around the Worlds,Double,"Pectoralis Major, Anterior Deltoids, Triceps Brachii",https://youtu.be/coWv1aED9LI
182,3,Chest,Hyght Dumbbell Fly,Double,Pectoralis Major,https://youtu.be/paEjFeIxtzE
183,3,Chest,Standing Dumbbell Low Fly,Double,"Chest, Shoulders",https://youtu.be/FKVDuCw7Pc0
184,3,Chest,Dumbbell Reverse Chest Press,Double,"Pectoralis Major, Anterior Deltoids, Triceps Brachii",https://youtu.be/DKNV8XNZJPU
185,3,Chest,Decline Dumbbell Chest Press,Double,"Pectoralis Major (particularly the lower portion), Anterior Deltoids, Triceps Brachii",https://youtu.be/Pf1nDoqx_1A
186,3,Chest,Decline Dumbbell Chest Fly,Double,Pectoralis Major (particularly the lower portion),https://youtu.be/7NlIkLqcgnw
187,3,Chest,Supine Dumbbell Hammer Press,Double,"Pectoralis Major, Triceps Brachii",https://youtu.be/ySeSg4lMgmE
188,3,Chest,Dumbbell Squeeze Press,Double,"Pectoralis Major, Anterior Deltoids, Triceps Brachii",https://youtu.be/1iQt5BwSWYg
189,3,Chest,Svend Press,Double,"Pectoralis Major, Anterior Deltoids, Triceps Brachii",https://youtu.be/cIoUZOnypS8
190,3,Shoulders,Dumbbell Shoulder Press,Double,Anterior Deltoids,https://youtu.be/0JfYxMRsUCQ
191,3,Shoulders,Dumbbell Front Raise,Double,Anterior Deltoids,https://youtu.be/ugPIPY7j-GM
192,3,Shoulders,Dumbbell Side Lateral Raise,Double,Lateral Deltoids,https://youtu.be/XPPfnSEATJA
193,3,Shoulders,Dumbbell Bent-over Raise,Double,Lateral Deltoids,https://youtu.be/SWjzFaH9QXA
194,3,Shoulders,Dumbbell Upright Row,Double,"Trapezius, Deltoids",https://youtu.be/Rd5AsxOGqss
195,3,Shoulders,Dumbbell Shoulder Shrugs,Double,"Trapezius, Rhomboids",https://youtu.be/8lP_eJvClSA
196,3,Shoulders,One Arm Dumbbell Swing,Single,"Swing: Full Body, especially Glutes, Hamstrings, and Core",https://youtu.be/OSzPC3G-4Ew
197,3,Shoulders,Spellcaster,Single,"Abdominals, Triceps Brachii",https://youtu.be/FhnP5YkYkf4
198,3,Shoulders,See Saw Press,Double,"Anterior Deltoids, Triceps Brachii",https://youtu.be/N4Y5hWOwDBY
199,3,Abs,Sit-Ups,Double,"Rectus Abdominis, Obliques",https://youtu.be/deS9e_Yo-tw
200,3,Abs,Crunch,Double,"Rectus Abdominis, Obliques",https://youtu.be/0t4t3IpiEao
201,3,Abs,Heel Taps,Timed,"Abdominals, Hip Flexors",https://youtu.be/w2Um9ULrcBI
202,3,Abs,Plank Hold,Timed,"Abdominals, Core",https://youtu.be/PWd2VXg2Mpk
203,3,Abs,Leg Raises,Timed,"Abdominals, Hip Flexors",https://youtu.be/JB2oyawG9KI
204,3,Abs,Bicycle Crunch,Timed,"Rectus Abdominis, Obliques",https://youtu.be/wnuLak2onoA
205,3,Abs,Pike Crunch,Double,"Abdominals, Hip Flexors",https://youtu.be/Ghq7rakB8xk
206,3,Abs,Reverse Crunch,Double,"Rectus Abdominis, Obliques",https://youtu.be/gAyTBB4lm3I
207,3,Abs,Hollow Holds,Timed,"Rectus Abdominis, Obliques, Transverse Abdominis",https://youtu.be/4xRpGgttca8
208,3,Legs,Dumbbell Split Squat,Single,"Quadriceps, Hamstrings, Gluteus Maximus, Calves (gastrocnemius and soleus)",https://youtu.be/SX7BtPh_pL0
209,3,Legs,Dumbbell Romanian Deadlift,Double,"Hamstrings, Gluteus Maximus, Erector Spinae",https://youtu.be/xAL7lHwj30E
210,3,Legs,Dumbbell Single-Leg RDL,Single,"Hamstrings, Gluteus Maximus, Erector Spinae, Core, Balance and Stabilizer Muscles",https://youtu.be/pJewPISyHjw
211,3,Legs,Dumbbell Goblet Squat,Double,"Quadriceps, Hamstrings, Gluteus Maximus, Adductors, Calves (gastrocnemius and soleus), Erector Spina",https://youtu.be/Xjo_fY9Hl9w
212,3,Legs,Dumbbell Side Lunge,Single,"Quadriceps, Hamstrings, Gluteus Medius, Adductors, Abductors, Calves (gastrocnemius and soleus), Core",https://youtu.be/R8jArZG2J6Q
213,3,Legs,Dumbbell Reverse Lunge,Single,"Quadriceps, Hamstrings, Gluteus Maximus, Calves (gastrocnemius and soleus)",https://youtu.be/c1OSIZu_2AI
214,3,Legs,Dumbbell Front Squat,Double,"Quadriceps, Hamstrings, Gluteus Maximus, Erector Spinae, Core",https://youtu.be/LVSLNXn2xM8
215,3,Legs,Dumbbell Elevated Split Squat,Single,"Quadriceps, Hamstrings, Gluteus Maximus, Calves (gastrocnemius and soleus)",https://youtu.be/OFmW8Re5Zos
216,3,Legs,Dumbbell Forward Lunge,Single,"Quadriceps, Hamstrings, Gluteus Maximus, Calves (gastrocnemius and soleus)",https://youtu.be/9gglI77Kzq8
217,3,Legs,Weighted Step Up,Single,"Quadriceps, Hamstrings, Gluteus Maximus, Calves (gastrocnemius and soleus)",https://youtu.be/DxUNi119Qzs
218,3,Legs,Dumbbell Jump Squat,Double,"Quadriceps, Hamstrings, Gluteus Maximus, Calves (gastrocnemius and soleus)",https://youtu.be/XOTO2qWRy9U
