1,alex,alex@gmail.com,thisisapasshash,alex,weber,22,0,0,M,1,1,1,1,0
2,luis,lsosorio1299@gmail.com,thisisluispasshash,luis,sierra osorio,22,0,0,F,2,2,2,1,1
3,marshall,marshall@gmail.com,$2b$10$UX4EPfwc4dTYNQ.a0dRYAegMhpgFC4rMdYVynapBo/F063sx4EdaW,marshall,keopong,22,0,0,NB,2,3,2,1,1
4,alex1,alex1@gmail.com,$2b$10$5h8SgICBlHe8LnUen6I6wepD/Z51uG7fws1XrlOK6eNvPKyS1D3d2,alex1,weber1,22,0,0,M,4,3,1,1,0
5,andrew,realemail@gmail.com,realpassword,andrew,de la rosa,22,0,0,M,3,2,3,1,1
6,Alexweber11%%,alexweber7373@gmail.com,$2b$10$AwtWoCHgRjvqXnNV32b.heUYWSlEj61pTuIKsb3ntV6jQmxzm8rMK,Alexander,Weber,22,180,74,NB,3,1,1,3,
10,Test42##,test42@gmail.com,$2b$10$xZlMm89CbJDbm6Nt7IT6NuDQjdnH.vETW54Eq5Q0IlBN/l4fqZZGe,Test,Mctest,40,,,,,,,,
11,Alexweber11@@,alphaunderdog17@gmail.com,$2b$10$pSNx3QhSP85XZ2/sM0Iycei/r8BMInd6gZqHANZ6bGMVn8ht9a/OW,Alex,Weber,22,,,,,,,,
12,Test45^^,testmctest@gmail.com,$2b$10$.BMfk1PchSe5lE5LmVswvuUPdrFz83fQDX2dhiW.bUBIUikej5aT.,tst,test,45,,,,,,,,
13,Test56**,test56@gmail.com,$2b$10$Uo7aZu9ewa.4MhVC8BgFdO9pGCWSBpnu.UM5eteFqMiEEMkVWDhGC,test,mctest,56,,,,,,,,
14,Testmctest52#,testmctest,$2b$10$mcrH3iZQEiPVvh1MwVQnMuYhUXyXEElxShy7sMbwmVMz6vsIHpoWi,testmctest,testmctest,,,,,,,,,
15,Himynameistest&&,test98@gmail.com,$2b$10$PlaOnP/.Hydgz9T54xVQ/OuAiih8Io4orW9XNvqmszngCKztlKvm.,test,test,18,,,,,,,,
16,pleasework99,just99@gmail.com,$2b$10$sbQfWA7hOCK68i.fuFygCOSast4xv434htOsLpR7HuntSvZAMw/iu,just099,just099,18,,,,,,,,
17,Gerard56%%,gerard57@gmail.com,$2b$10$reVC25sCdyAorEzIFBtReeUBJIXR0bLhmRrk/WOkAdB2Pmg/RwRdO,gerard,gerard,56,,,,,,,,
18,Alextest#,alextest52@gmail.com,$2b$10$S2TZBTF9ocpWDmoLsLx.re6tjerBlO5SleooKQGcNLsV83A1l5/nG,alextest,alextest,18,,,,,1,,,
21,luis1,lsosorio12991@gmail.com,thisisluispasshash,luis,sierra osorio,22,,,,,,,,
22,Test92$$,Test92$$@gmail.com,$2b$10$vsiTu0c5uZb6.1HmiCjDc.hBfqEotiwo/3yvEd7QH4hg3V2WsUxva,Test92$$,Test92$$,18,160,72,M,1,1,1,3,
31,Test92$$1,Test92$$1@gmail.com,$2b$10$BfnWCtxUEzGKFfxZ8UK2oOjIhzeCQ7U/F54tB08JzwQKeGd1pCwTe,Test,Test,18,,,,,,,,
32,SuperCool52##,testsupercool@gmail.com,$2b$10$t/L9sra9L4fmNLzMwTah/us.YOdkc3ahv8yRo1a8miJ0N/o/TiS.q,Super,Cool,18,50,65,NB,3,2,1,3,
33,Test78&&,test78@gmail.com,$2b$10$V2VO9IjlviuYNwT2w9evWOOQRKM59MV/PzJUV.htLgkYbbQbUgka.,test78,test78,50,150,65,NB,3,2,1,3,
34,Test66$$,test66@gmail.com,$2b$10$voI1TVZQcoakkJtClg3o4eTg6kKIzSWETBz9cFHmMGrowM.7z7TOe,Test66$$,Test66$$,60,150,65,NB,3,2,2,3,
35,Test65$$,test65@gmail.com,$2b$10$w1jFChKuN5rOjpmKEOvOU.6D0ZLK6ZEmxxmQl1vXge8zWDwLhSTSG,Test,Test,65,,,,,,,,
36,deanpayne6,testdean6@gmail.com,$2b$10$LkKV3L5ra98Fm3eZxRziIeXilZhBUSWxoijBB4oGMPSK/8YkACO2S,Dean,Payne,21,155,69,NB,4,3,3,3,
37,alextest55,alextest55@gmail.com,$2b$10$aVC7LGerQWFvZpK4nJXh5uc.AD/hkn2CTPabiREdR5MZOfr73k7Hu,Test,Test,18,190,79,NB,4,3,3,3,
38,coolguy,adelarosa1000@gmail.com,$2b$10$Vflg8R3BzEUlFgbAu.Qs7eepJ3hFZyt7W933lM29y06L3AAdiJs9e,Andrew,De La Rosa,22,300,72,NB,4,2,3,3,
39,Test77$$,test77@gmail.com,$2b$10$xb.WnE4CcYVR.ru5LHgrBeG.9Z7q3pG0JWGE4WuOE9rYRDVOnJZgq,Test77$$,Test77$$,18,450,77,NB,1,1,3,3,
40,alexweber,test789@gmail.com,$2b$10$SiFgB5JFRfd2QguE5I98ROKC3haU2UdjzMoRZyd72.f8O60weYxXK,Alex,Weber,18,200,79,NB,5,3,3,3,
